<?xml version="1.0" ?>
<data-list>
   <entry>
      <meta-data>
         <meta name="HANDLE">1</meta>
      </meta-data>
      <compound>
         <name>Numeric</name>
         <entries>
            <entry>
               <compound>
                  <name>Type</name>
                  <entries>
                     <entry>
                        <simple>
                           <name>code</name>
                           <type>intu16</type>
                           <value>18948</value>
                        </simple>
                     </entry>
                     <entry>
                        <simple>
                           <name>partition</name>
                           <type>intu16</type>
                           <value>2</value>
                        </simple>
                     </entry>
                  </entries>
               </compound>
            </entry>
            <entry>
               <simple>
                  <name>Metric-Spec-Small</name>
                  <type>intu16</type>
                  <value>61504</value>
               </simple>
            </entry>
            <entry>
               <compound>
                  <name>Metric-Structure-Small</name>
                  <entries>
                     <entry>
                        <simple>
                           <name>ms-struct</name>
                           <type>intu8</type>
                           <value>3</value>
                        </simple>
                     </entry>
                     <entry>
                        <simple>
                           <name>ms-comp-no</name>
                           <type>intu8</type>
                           <value>3</value>
                        </simple>
                     </entry>
                  </entries>
               </compound>
            </entry>
            <entry>
               <simple>
                  <name>Unit-Code</name>
                  <type>intu16</type>
                  <value>3872</value>
               </simple>
            </entry>
            <entry>
               <compound>
                  <name>Metric-Id-List</name>
                  <entries>
                     <entry>
                        <simple>
                           <name>Metric-Id</name>
                           <type>intu16</type>
                           <value>18949</value>
                        </simple>
                     </entry>
                     <entry>
                        <simple>
                           <name>Metric-Id</name>
                           <type>intu16</type>
                           <value>18950</value>
                        </simple>
                     </entry>
                     <entry>
                        <simple>
                           <name>Metric-Id</name>
                           <type>intu16</type>
                           <value>18951</value>
                        </simple>
                     </entry>
                  </entries>
               </compound>
            </entry>
            <entry>
               <compound>
                  <name>Attribute-Value-Map</name>
                  <entries>
                     <entry>
                        <compound>
                           <name>AttrValMapEntry</name>
                           <entries>
                              <entry>
                                 <simple>
                                    <name>attribute-id</name>
                                    <type>intu16</type>
                                    <value>2677</value>
                                 </simple>
                              </entry>
                              <entry>
                                 <simple>
                                    <name>attribute-len</name>
                                    <type>intu16</type>
                                    <value>10</value>
                                 </simple>
                              </entry>
                           </entries>
                        </compound>
                     </entry>
                     <entry>
                        <compound>
                           <name>AttrValMapEntry</name>
                           <entries>
                              <entry>
                                 <simple>
                                    <name>attribute-id</name>
                                    <type>intu16</type>
                                    <value>2448</value>
                                 </simple>
                              </entry>
                              <entry>
                                 <simple>
                                    <name>attribute-len</name>
                                    <type>intu16</type>
                                    <value>8</value>
                                 </simple>
                              </entry>
                           </entries>
                        </compound>
                     </entry>
                  </entries>
               </compound>
            </entry>
         </entries>
      </compound>
   </entry>
   <entry>
      <meta-data>
         <meta name="HANDLE">2</meta>
      </meta-data>
      <compound>
         <name>Numeric</name>
         <entries>
            <entry>
               <compound>
                  <name>Type</name>
                  <entries>
                     <entry>
                        <simple>
                           <name>code</name>
                           <type>intu16</type>
                           <value>18474</value>
                        </simple>
                     </entry>
                     <entry>
                        <simple>
                           <name>partition</name>
                           <type>intu16</type>
                           <value>2</value>
                        </simple>
                     </entry>
                  </entries>
               </compound>
            </entry>
            <entry>
               <simple>
                  <name>Metric-Spec-Small</name>
                  <type>intu16</type>
                  <value>61504</value>
               </simple>
            </entry>
            <entry>
               <simple>
                  <name>Unit-Code</name>
                  <type>intu16</type>
                  <value>2720</value>
               </simple>
            </entry>
            <entry>
               <compound>
                  <name>Attribute-Value-Map</name>
                  <entries>
                     <entry>
                        <compound>
                           <name>AttrValMapEntry</name>
                           <entries>
                              <entry>
                                 <simple>
                                    <name>attribute-id</name>
                                    <type>intu16</type>
                                    <value>2636</value>
                                 </simple>
                              </entry>
                              <entry>
                                 <simple>
                                    <name>attribute-len</name>
                                    <type>intu16</type>
                                    <value>2</value>
                                 </simple>
                              </entry>
                           </entries>
                        </compound>
                     </entry>
                     <entry>
                        <compound>
                           <name>AttrValMapEntry</name>
                           <entries>
                              <entry>
                                 <simple>
                                    <name>attribute-id</name>
                                    <type>intu16</type>
                                    <value>2448</value>
                                 </simple>
                              </entry>
                              <entry>
                                 <simple>
                                    <name>attribute-len</name>
                                    <type>intu16</type>
                                    <value>8</value>
                                 </simple>
                              </entry>
                           </entries>
                        </compound>
                     </entry>
                  </entries>
               </compound>
            </entry>
         </entries>
      </compound>
   </entry>
   <entry>
      <meta-data>
         <meta name="HANDLE">3</meta>
      </meta-data>
      <compound>
         <name>Numeric</name>
         <entries>
            <entry>
               <compound>
                  <name>Type</name>
                  <entries>
                     <entry>
                        <simple>
                           <name>code</name>
                           <type>intu16</type>
                           <value>61458</value>
                        </simple>
                     </entry>
                     <entry>
                        <simple>
                           <name>partition</name>
                           <type>intu16</type>
                           <value>2</value>
                        </simple>
                     </entry>
                  </entries>
               </compound>
            </entry>
            <entry>
               <simple>
                  <name>Metric-Spec-Small</name>
                  <type>intu16</type>
                  <value>61504</value>
               </simple>
            </entry>
            <entry>
               <simple>
                  <name>Unit-Code</name>
                  <type>intu16</type>
                  <value>512</value>
               </simple>
            </entry>
            <entry>
               <compound>
                  <name>Attribute-Value-Map</name>
                  <entries>
                     <entry>
                        <compound>
                           <name>AttrValMapEntry</name>
                           <entries>
                              <entry>
                                 <simple>
                                    <name>attribute-id</name>
                                    <type>intu16</type>
                                    <value>2636</value>
                                 </simple>
                              </entry>
                              <entry>
                                 <simple>
                                    <name>attribute-len</name>
                                    <type>intu16</type>
                                    <value>2</value>
                                 </simple>
                              </entry>
                           </entries>
                        </compound>
                     </entry>
                     <entry>
                        <compound>
                           <name>AttrValMapEntry</name>
                           <entries>
                              <entry>
                                 <simple>
                                    <name>attribute-id</name>
                                    <type>intu16</type>
                                    <value>2448</value>
                                 </simple>
                              </entry>
                              <entry>
                                 <simple>
                                    <name>attribute-len</name>
                                    <type>intu16</type>
                                    <value>8</value>
                                 </simple>
                              </entry>
                           </entries>
                        </compound>
                     </entry>
                  </entries>
               </compound>
            </entry>
         </entries>
      </compound>
   </entry>
</data-list>
